{"triangles":
    [0,1,2
    ,1,3,2
	,4,5,6
	,4,6,7
	,8,9,10
	,8,10,11
    ,12, 13, 14, 13, 15, 14, 16, 17, 18, 16, 18, 19, 20, 21, 22, 20, 22, 23
	]
,"attributes":
    {"position":
        [
			
			[-0.15, 0.35], [-0.15, 0.15], [-0.6499999999999999, 0.35], [-0.6499999999999999, 0.15], [-0.15, -0.15], [-0.15, -0.35], [-0.6499999999999999, -0.35], [-0.6499999999999999, -0.15], [-0.5, 0.15], [-0.3, 0.15], [-0.3, -0.15], [-0.5, -0.15],
			[0.44999999999999996, 0.35], [0.44999999999999996, 0.15], [-0.04999999999999999, 0.35], [-0.04999999999999999, 0.15], [0.44999999999999996, -0.15], [0.44999999999999996, -0.35], [-0.04999999999999999, -0.35], [-0.04999999999999999, -0.15], [0.09999999999999998, 0.15], [0.3, 0.15], [0.3, -0.15], [0.09999999999999998, -0.15]
		]
    ,"color":
        [[1,0.373,0.02,1]
		,[1,0.373,0.02,1]
		,[1,0.373,0.02,1]
		,[1,0.373,0.02,1]
		,[1,0.373,0.02,1]
		,[1,0.373,0.02,1]
		,[1,0.373,0.02,1]
		,[1,0.373,0.02,1]
		,[1,0.373,0.02,1]
		,[1,0.373,0.02,1]
		,[1,0.373,0.02,1]
		,[1,0.373,0.02,1],
		[1,0.373,0.02,1]
		,[1,0.373,0.02,1]
		,[1,0.373,0.02,1]
		,[1,0.373,0.02,1]
		,[1,0.373,0.02,1]
		,[1,0.373,0.02,1]
		,[1,0.373,0.02,1]
		,[1,0.373,0.02,1]
		,[1,0.373,0.02,1]
		,[1,0.373,0.02,1]
		,[1,0.373,0.02,1]
		,[1,0.373,0.02,1]
        ]
    }
}
